{
  "PhaseEncodingDirection": "i-",
  "ParallelReductionFactorInPlane": 2,
  "SliceTiming": [0.00000, 0.05405, 0.10811, 0.16216, 0.21622, 0.27027, 0.32432, 0.37838, 0.43243, 0.48649, 0.54054, 0.59459, 0.64865, 0.70270, 0.75676, 0.81081, 0.86486, 0.91892, 0.97297, 1.02703, 1.08108, 1.13514, 1.18919, 1.24324, 1.29730, 1.35135, 1.40541, 1.45946, 1.51351, 1.56757, 1.62162, 1.67568, 1.72973, 1.78378, 1.83784, 1.89189, 1.94595]
}
